review,sentiment
"This product is amazing and works perfectly",positive
"I am very happy with this purchase",positive
"Excellent quality and fast delivery",positive
"Totally worth the money",positive
"I love this item",positive
"Very bad experience, not recommended",negative
"Waste of money, very poor quality",negative
"I am disappointed with this product",negative
"Terrible service and product",negative
"Not good at all",negative
"Superb product, highly satisfied",positive
"Great performance and value",positive
"Very useful and easy to use",positive
"I really liked it",positive
"Good quality product",positive
"Completely useless item",negative
"Did not meet my expectations",negative
"Very bad quality",negative
"I will not buy this again",negative
"Extremely bad experience",negative
"Fantastic product, loved it",positive
"Best purchase ever",positive
"Highly recommend this product",positive
"Very satisfied with the quality",positive
"Nice product and fast shipping",positive
"Horrible product",negative
"Not worth buying",negative
"Poor quality material",negative
"Very disappointed",negative
"Bad choice",negative
"Awesome experience, loved it",positive
"Product quality is top notch",positive
"Very impressive performance",positive
"Works exactly as expected",positive
"Really good value for money",positive
"Stopped working after few days",negative
"Very poor packaging",negative
"Quality is not good",negative
"Totally disappointed",negative
"Not satisfied at all",negative
"Absolutely fantastic item",positive
"Great design and build",positive
"Very comfortable and useful",positive
"Happy with the purchase",positive
"Exceeded expectations",positive
"Not durable",negative
"Cheap quality",negative
"Very frustrating experience",negative
"Do not recommend",negative
"Worst product ever",negative
"Brilliant product",positive
"Very nice quality",positive
"Easy to use and reliable",positive
"Best in this price range",positive
"Highly satisfied customer",positive
"Product broke quickly",negative
"Not as described",negative
"Very low quality",negative
"Poor performance",negative
"Terrible purchase",negative
"Excellent build quality",positive
"Very happy with performance",positive
"Good product overall",positive
"Nice and durable",positive
"Great experience",positive
"Does not work properly",negative
"Very disappointing quality",negative
"Bad material used",negative
"Will not recommend",negative
"Not worth the price",negative
"Love the product",positive
"Perfect product for daily use",positive
"Very good experience",positive
"Happy with quality",positive
"Highly recommended",positive
"Not good quality",negative
"Very poor service",negative
"Unsatisfied with product",negative
"Bad experience",negative
"Waste of money",negative
"Great quality product",positive
"Very reliable",positive
"Works perfectly fine",positive
"Very good design",positive
"Nice purchase",positive
"Not working properly",negative
"Very bad item",negative
"Low durability",negative
"Bad quality product",negative
"Terrible item",negative
"Perfect purchase",positive
"Very smooth performance",positive
"Impressive quality",positive
"Highly useful",positive
"Best quality",positive
"Stopped working",negative
"Very poor build",negative
"Not durable at all",negative
"Worst experience",negative
"Not satisfied",negative
"Excellent product quality",positive
"Very nice product",positive
"Great value",positive
"Good experience",positive
"Highly satisfied",positive
"Not as expected",negative
"Bad packaging",negative
"Very poor product",negative
"Low quality",negative
"Terrible quality",negative
